<?xml version="1.0" encoding="utf-8" ?>
<dwsync>
<file name="style.css" server="C:/wamp64/www/Dona_Dilma/" local="132136356025128792" remote="132136356020000000" Dst="-1" />
<file name="style2.css" server="C:/wamp64/www/Dona_Dilma/" local="132121102932510233" remote="132121102930000000" Dst="-1" />
<file name="style.css" server="ftp.dradilmaolimpio.com.br/public_html/" local="132121107209471037" remote="132134968800000000" Dst="-1" />
<file name="style2.css" server="ftp.dradilmaolimpio.com.br/public_html/" local="132121102932510233" remote="132134968800000000" Dst="-1" />
<file name="style.css" server="C:/wamp64/www/Dra Dilma Olimpio/" local="132217576540492712" remote="132217576540000000" Dst="1" />
<file name="style2.css" server="C:/wamp64/www/Dra Dilma Olimpio/" local="132121102932510233" remote="132121102930000000" Dst="1" />
<file name="style.css" server="C:/wamp/www/Dona Dilma/" local="132217674954241835" remote="132217674950000000" Dst="0" />
<file name="style2.css" server="C:/wamp/www/Dona Dilma/" local="132121102932510233" remote="132121102930000000" Dst="0" />
</dwsync>