<?xml version="1.0" encoding="utf-8" ?>
<dwsync>
<file name="ntlm_sasl_client.php" server="C:/wamp64/www/Dona_Dilma/" local="132133729245437241" remote="132133729240000000" Dst="-1" />
<file name="EasyPeasyICS.php" server="C:/wamp64/www/Dona_Dilma/" local="132133729244717488" remote="132133729240000000" Dst="-1" />
<file name="htmlfilter.php" server="C:/wamp64/www/Dona_Dilma/" local="132133729245177352" remote="132133729240000000" Dst="-1" />
<file name="README.md" server="C:/wamp64/www/Dona_Dilma/" local="132133729244897418" remote="132133729240000000" Dst="-1" />
<file name="ntlm_sasl_client.php" server="ftp.dradilmaolimpio.com.br/public_html/" local="132133729245437241" remote="132134614200000000" Dst="-1" />
<file name="EasyPeasyICS.php" server="ftp.dradilmaolimpio.com.br/public_html/" local="132133729244717488" remote="132134970000000000" Dst="-1" />
<file name="htmlfilter.php" server="ftp.dradilmaolimpio.com.br/public_html/" local="132133729245177352" remote="132134970000000000" Dst="-1" />
<file name="README.md" server="ftp.dradilmaolimpio.com.br/public_html/" local="132133729244897418" remote="132134970000000000" Dst="-1" />
<file name="EasyPeasyICS.php" server="C:/wamp/www/Dona Dilma/" local="132133729244717488" remote="132133729240000000" Dst="0" />
<file name="htmlfilter.php" server="C:/wamp/www/Dona Dilma/" local="132133729245177352" remote="132133729240000000" Dst="0" />
<file name="ntlm_sasl_client.php" server="C:/wamp/www/Dona Dilma/" local="132133729245437241" remote="132133729240000000" Dst="0" />
<file name="README.md" server="C:/wamp/www/Dona Dilma/" local="132133729244897418" remote="132133729240000000" Dst="0" />
</dwsync>