<?xml version="1.0" encoding="utf-8" ?>
<dwsync>
<file name="fd_topo.png" server="C:/wamp64/www/Dona_Dilma/" local="132106927740000000" remote="132106927740000000" Dst="-1" />
<file name="img_topo.png" server="C:/wamp64/www/Dona_Dilma/" local="132136353079192488" remote="132136353070000000" Dst="-1" />
<file name="fundo.png" server="C:/wamp64/www/Dona_Dilma/" local="132113977140000000" remote="132113977140000000" Dst="-1" />
<file name="lk_ortodontia.png" server="C:/wamp64/www/Dona_Dilma/" local="132114703750000000" remote="132114703750000000" Dst="-1" />
<file name="lk_ortopedia_facial.png" server="C:/wamp64/www/Dona_Dilma/" local="132114704220000000" remote="132114704220000000" Dst="-1" />
<file name="pagina_em_construcao.jpg" server="C:/wamp64/www/Dona_Dilma/" local="132115936260000000" remote="132115936260000000" Dst="-1" />
<file name="pagina_em_construcao.png" server="C:/wamp64/www/Dona_Dilma/" local="132114718100000000" remote="132114718100000000" Dst="-1" />
<file name="carro.jpg" server="C:/wamp64/www/Dona_Dilma/" local="132108072590000000" remote="132108072590000000" Dst="-1" />
<file name="Decalracao.jpg" server="C:/wamp64/www/Dona_Dilma/" local="132108680160000000" remote="132108680160000000" Dst="-1" />
<file name="Dona_Dilma_Fonte.png" server="C:/wamp64/www/Dona_Dilma/" local="132101761860000000" remote="132101761860000000" Dst="-1" />
<file name="fd_dente.png" server="C:/wamp64/www/Dona_Dilma/" local="132100014250000000" remote="132100014250000000" Dst="-1" />
<file name="Sem título-1.png" server="C:/wamp64/www/Dona_Dilma/" local="132100014260000000" remote="132100014260000000" Dst="-1" />
<file name="simbolo-da-odontologia-1_xl.png" server="C:/wamp64/www/Dona_Dilma/" local="132113972080000000" remote="132113972080000000" Dst="-1" />
<file name="fd_background.png" server="C:/wamp64/www/Dona_Dilma/" local="132100014262684528" remote="132100014260000000" Dst="-1" />
<file name="Sem título-2.png" server="C:/wamp64/www/Dona_Dilma/" local="132100014260000000" remote="132100014260000000" Dst="-1" />
<file name="consultorio_01.jpg" server="C:/wamp64/www/Dona_Dilma/" local="132116572348426596" remote="132116572340000000" Dst="-1" />
<file name="consultorio_07.jpg" server="C:/wamp64/www/Dona_Dilma/" local="132116575997435339" remote="132116575990000000" Dst="-1" />
<file name="consultorio_03.jpg" server="C:/wamp64/www/Dona_Dilma/" local="132116573828961677" remote="132116573820000000" Dst="-1" />
<file name="consultorio_02.jpg" server="C:/wamp64/www/Dona_Dilma/" local="132116573039831113" remote="132116573030000000" Dst="-1" />
<file name="consultorio_05.jpg" server="C:/wamp64/www/Dona_Dilma/" local="132116575384026971" remote="132116575380000000" Dst="-1" />
<file name="consultorio_06.jpg" server="C:/wamp64/www/Dona_Dilma/" local="132116575901776783" remote="132116575900000000" Dst="-1" />
<file name="consultorio_04.jpg" server="C:/wamp64/www/Dona_Dilma/" local="132116574302395810" remote="132116574300000000" Dst="-1" />
<file name="foto1.jpeg" server="C:/wamp64/www/Dona_Dilma/" local="132118508966182165" remote="132118508960000000" Dst="-1" />
<file name="foto10.jpeg" server="C:/wamp64/www/Dona_Dilma/" local="132116569854208200" remote="132116569850000000" Dst="-1" />
<file name="foto11.jpeg" server="C:/wamp64/www/Dona_Dilma/" local="132118508358160783" remote="132118508350000000" Dst="-1" />
<file name="foto12.jpeg" server="C:/wamp64/www/Dona_Dilma/" local="132116569856618212" remote="132116569850000000" Dst="-1" />
<file name="foto13.jpeg" server="C:/wamp64/www/Dona_Dilma/" local="132116569857697850" remote="132116569850000000" Dst="-1" />
<file name="foto14.jpeg" server="C:/wamp64/www/Dona_Dilma/" local="132116569858777502" remote="132116569850000000" Dst="-1" />
<file name="foto15.jpeg" server="C:/wamp64/www/Dona_Dilma/" local="132116569859837156" remote="132116569850000000" Dst="-1" />
<file name="foto16.jpeg" server="C:/wamp64/www/Dona_Dilma/" local="132116569860906803" remote="132116569860000000" Dst="-1" />
<file name="foto17.jpeg" server="C:/wamp64/www/Dona_Dilma/" local="132116569862116389" remote="132116569860000000" Dst="-1" />
<file name="foto18.jpeg" server="C:/wamp64/www/Dona_Dilma/" local="132116569863556779" remote="132116569860000000" Dst="-1" />
<file name="foto2.jpeg" server="C:/wamp64/www/Dona_Dilma/" local="132116569864676788" remote="132116569860000000" Dst="-1" />
<file name="foto3.jpeg" server="C:/wamp64/www/Dona_Dilma/" local="132118507846617244" remote="132118507840000000" Dst="-1" />
<file name="foto4.jpeg" server="C:/wamp64/www/Dona_Dilma/" local="132118506990893121" remote="132118506990000000" Dst="-1" />
<file name="foto5.jpeg" server="C:/wamp64/www/Dona_Dilma/" local="132116569867975696" remote="132116569860000000" Dst="-1" />
<file name="foto6.jpeg" server="C:/wamp64/www/Dona_Dilma/" local="132118506550831914" remote="132118506550000000" Dst="-1" />
<file name="foto7.jpeg" server="C:/wamp64/www/Dona_Dilma/" local="132116569870075366" remote="132116569870000000" Dst="-1" />
<file name="foto8.jpeg" server="C:/wamp64/www/Dona_Dilma/" local="132118506621541832" remote="132118506620000000" Dst="-1" />
<file name="foto9.jpeg" server="C:/wamp64/www/Dona_Dilma/" local="132116569872024727" remote="132116569870000000" Dst="-1" />
<file name="ft_01.png" server="C:/wamp64/www/Dona_Dilma/" local="132116570557616679" remote="132116570550000000" Dst="-1" />
<file name="fd_background.png" server="ftp.dradilmaolimpio.com.br/public_html/" local="132100014262684528" remote="132134613600000000" Dst="-1" />
<file name="img_topo.png" server="ftp.dradilmaolimpio.com.br/public_html/" local="132108072597347918" remote="132134613600000000" Dst="-1" />
<file name="carro.jpg" server="ftp.dradilmaolimpio.com.br/public_html/" local="132108072590000000" remote="132134968800000000" Dst="-1" />
<file name="consultorio_01.jpg" server="ftp.dradilmaolimpio.com.br/public_html/" local="132116572348426596" remote="132134968800000000" Dst="-1" />
<file name="consultorio_02.jpg" server="ftp.dradilmaolimpio.com.br/public_html/" local="132116573039831113" remote="132134968800000000" Dst="-1" />
<file name="consultorio_03.jpg" server="ftp.dradilmaolimpio.com.br/public_html/" local="132116573828961677" remote="132134968800000000" Dst="-1" />
<file name="consultorio_04.jpg" server="ftp.dradilmaolimpio.com.br/public_html/" local="132116574302395810" remote="132134968800000000" Dst="-1" />
<file name="consultorio_05.jpg" server="ftp.dradilmaolimpio.com.br/public_html/" local="132116575384026971" remote="132134968800000000" Dst="-1" />
<file name="consultorio_06.jpg" server="ftp.dradilmaolimpio.com.br/public_html/" local="132116575901776783" remote="132134968800000000" Dst="-1" />
<file name="consultorio_07.jpg" server="ftp.dradilmaolimpio.com.br/public_html/" local="132116575997435339" remote="132134968800000000" Dst="-1" />
<file name="Decalracao.jpg" server="ftp.dradilmaolimpio.com.br/public_html/" local="132108680160000000" remote="132134968800000000" Dst="-1" />
<file name="Dona_Dilma_Fonte.png" server="ftp.dradilmaolimpio.com.br/public_html/" local="132101761860000000" remote="132134968800000000" Dst="-1" />
<file name="fd_dente.png" server="ftp.dradilmaolimpio.com.br/public_html/" local="132100014250000000" remote="132134968800000000" Dst="-1" />
<file name="fd_topo.png" server="ftp.dradilmaolimpio.com.br/public_html/" local="132106927740000000" remote="132134968800000000" Dst="-1" />
<file name="foto1.jpeg" server="ftp.dradilmaolimpio.com.br/public_html/" local="132118508966182165" remote="132134968800000000" Dst="-1" />
<file name="foto10.jpeg" server="ftp.dradilmaolimpio.com.br/public_html/" local="132116569854208200" remote="132134968800000000" Dst="-1" />
<file name="foto11.jpeg" server="ftp.dradilmaolimpio.com.br/public_html/" local="132118508358160783" remote="132134969400000000" Dst="-1" />
<file name="foto12.jpeg" server="ftp.dradilmaolimpio.com.br/public_html/" local="132116569856618212" remote="132134969400000000" Dst="-1" />
<file name="foto13.jpeg" server="ftp.dradilmaolimpio.com.br/public_html/" local="132116569857697850" remote="132134969400000000" Dst="-1" />
<file name="foto14.jpeg" server="ftp.dradilmaolimpio.com.br/public_html/" local="132116569858777502" remote="132134969400000000" Dst="-1" />
<file name="foto15.jpeg" server="ftp.dradilmaolimpio.com.br/public_html/" local="132116569859837156" remote="132134969400000000" Dst="-1" />
<file name="foto16.jpeg" server="ftp.dradilmaolimpio.com.br/public_html/" local="132116569860906803" remote="132134969400000000" Dst="-1" />
<file name="foto17.jpeg" server="ftp.dradilmaolimpio.com.br/public_html/" local="132116569862116389" remote="132134969400000000" Dst="-1" />
<file name="foto18.jpeg" server="ftp.dradilmaolimpio.com.br/public_html/" local="132116569863556779" remote="132134969400000000" Dst="-1" />
<file name="foto2.jpeg" server="ftp.dradilmaolimpio.com.br/public_html/" local="132116569864676788" remote="132134969400000000" Dst="-1" />
<file name="foto3.jpeg" server="ftp.dradilmaolimpio.com.br/public_html/" local="132118507846617244" remote="132134969400000000" Dst="-1" />
<file name="foto4.jpeg" server="ftp.dradilmaolimpio.com.br/public_html/" local="132118506990893121" remote="132134969400000000" Dst="-1" />
<file name="foto5.jpeg" server="ftp.dradilmaolimpio.com.br/public_html/" local="132116569867975696" remote="132134969400000000" Dst="-1" />
<file name="foto6.jpeg" server="ftp.dradilmaolimpio.com.br/public_html/" local="132118506550831914" remote="132134969400000000" Dst="-1" />
<file name="foto7.jpeg" server="ftp.dradilmaolimpio.com.br/public_html/" local="132116569870075366" remote="132134969400000000" Dst="-1" />
<file name="foto8.jpeg" server="ftp.dradilmaolimpio.com.br/public_html/" local="132118506621541832" remote="132134969400000000" Dst="-1" />
<file name="foto9.jpeg" server="ftp.dradilmaolimpio.com.br/public_html/" local="132116569872024727" remote="132134969400000000" Dst="-1" />
<file name="ft_01.png" server="ftp.dradilmaolimpio.com.br/public_html/" local="132116570557616679" remote="132134969400000000" Dst="-1" />
<file name="fundo.png" server="ftp.dradilmaolimpio.com.br/public_html/" local="132113977140000000" remote="132134969400000000" Dst="-1" />
<file name="lk_ortodontia.png" server="ftp.dradilmaolimpio.com.br/public_html/" local="132114703750000000" remote="132134969400000000" Dst="-1" />
<file name="lk_ortopedia_facial.png" server="ftp.dradilmaolimpio.com.br/public_html/" local="132114704220000000" remote="132134969400000000" Dst="-1" />
<file name="pagina_em_construcao.jpg" server="ftp.dradilmaolimpio.com.br/public_html/" local="132115936260000000" remote="132134969400000000" Dst="-1" />
<file name="pagina_em_construcao.png" server="ftp.dradilmaolimpio.com.br/public_html/" local="132114718100000000" remote="132134969400000000" Dst="-1" />
<file name="Sem título-1.png" server="ftp.dradilmaolimpio.com.br/public_html/" local="132100014260000000" remote="132134969400000000" Dst="-1" />
<file name="Sem título-2.png" server="ftp.dradilmaolimpio.com.br/public_html/" local="132100014260000000" remote="132134969400000000" Dst="-1" />
<file name="simbolo-da-odontologia-1_xl.png" server="ftp.dradilmaolimpio.com.br/public_html/" local="132113972080000000" remote="132134969400000000" Dst="-1" />
<file name="fd_conteudo.png" server="C:/wamp64/www/Dona_Dilma/" local="132118169020252863" remote="132118169020000000" Dst="-1" />
<file name="localizacao_1.jpg" server="C:/wamp64/www/Dona_Dilma/" local="132118346863145158" remote="132118346860000000" Dst="-1" />
<file name="localizacao_2.jpg" server="C:/wamp64/www/Dona_Dilma/" local="132118482285046619" remote="132118482280000000" Dst="-1" />
<file name="abertura_01.jpg" server="C:/wamp64/www/Dona_Dilma/" local="132118511546815950" remote="132118511540000000" Dst="-1" />
<file name="abertura_02.jpg" server="C:/wamp64/www/Dona_Dilma/" local="132118513132708415" remote="132118513130000000" Dst="-1" />
<file name="abertura_03.jpg" server="C:/wamp64/www/Dona_Dilma/" local="132118513616471094" remote="132118513610000000" Dst="-1" />
<file name="abertura_04.jpg" server="C:/wamp64/www/Dona_Dilma/" local="132118513698270142" remote="132118513690000000" Dst="-1" />
<file name="abertura_05.jpg" server="C:/wamp64/www/Dona_Dilma/" local="132118514134995171" remote="132118514130000000" Dst="-1" />
<file name="abertura_06.jpg" server="C:/wamp64/www/Dona_Dilma/" local="132118514351728684" remote="132118514350000000" Dst="-1" />
<file name="abertura_07.jpg" server="C:/wamp64/www/Dona_Dilma/" local="132118514865575457" remote="132118514860000000" Dst="-1" />
<file name="fd_conteudo_dente.jpg" server="C:/wamp64/www/Dona_Dilma/" local="132118162838594538" remote="132118162830000000" Dst="-1" />
<file name="fd_conteudo_escova.jpg" server="C:/wamp64/www/Dona_Dilma/" local="132118149029335894" remote="132118149020000000" Dst="-1" />
<file name="fd_creme_dental.png" server="C:/wamp64/www/Dona_Dilma/" local="132118168541416264" remote="132118168540000000" Dst="-1" />
<file name="fd_escovacao.jpg" server="C:/wamp64/www/Dona_Dilma/" local="132118169020724321" remote="132118169020000000" Dst="-1" />
<file name="fd_kit_higiene.png" server="C:/wamp64/www/Dona_Dilma/" local="132118162842693840" remote="132118162840000000" Dst="-1" />
<file name="flyer.jpg" server="C:/wamp64/www/Dona_Dilma/" local="132119041016918883" remote="132119041010000000" Dst="-1" />
<file name="flyer.png" server="C:/wamp64/www/Dona_Dilma/" local="132119041309403761" remote="132119041300000000" Dst="-1" />
<file name="panfleto.jpg" server="C:/wamp64/www/Dona_Dilma/" local="132119041016359067" remote="132119041010000000" Dst="-1" />
<file name="fd_conteudo.png" server="ftp.dradilmaolimpio.com.br/public_html/" local="132118169020252863" remote="132134613600000000" Dst="-1" />
<file name="abertura_01.jpg" server="ftp.dradilmaolimpio.com.br/public_html/" local="132118511546815950" remote="132134968800000000" Dst="-1" />
<file name="abertura_02.jpg" server="ftp.dradilmaolimpio.com.br/public_html/" local="132118513132708415" remote="132134968800000000" Dst="-1" />
<file name="abertura_03.jpg" server="ftp.dradilmaolimpio.com.br/public_html/" local="132118513616471094" remote="132134968800000000" Dst="-1" />
<file name="abertura_04.jpg" server="ftp.dradilmaolimpio.com.br/public_html/" local="132118513698270142" remote="132134968800000000" Dst="-1" />
<file name="abertura_05.jpg" server="ftp.dradilmaolimpio.com.br/public_html/" local="132118514134995171" remote="132134968800000000" Dst="-1" />
<file name="abertura_06.jpg" server="ftp.dradilmaolimpio.com.br/public_html/" local="132118514351728684" remote="132134968800000000" Dst="-1" />
<file name="abertura_07.jpg" server="ftp.dradilmaolimpio.com.br/public_html/" local="132118514865575457" remote="132134968800000000" Dst="-1" />
<file name="fd_conteudo_dente.jpg" server="ftp.dradilmaolimpio.com.br/public_html/" local="132118162838594538" remote="132134968800000000" Dst="-1" />
<file name="fd_conteudo_escova.jpg" server="ftp.dradilmaolimpio.com.br/public_html/" local="132118149029335894" remote="132134968800000000" Dst="-1" />
<file name="fd_creme_dental.png" server="ftp.dradilmaolimpio.com.br/public_html/" local="132118168541416264" remote="132134968800000000" Dst="-1" />
<file name="fd_escovacao.jpg" server="ftp.dradilmaolimpio.com.br/public_html/" local="132118169020724321" remote="132134968800000000" Dst="-1" />
<file name="fd_kit_higiene.png" server="ftp.dradilmaolimpio.com.br/public_html/" local="132118162842693840" remote="132134968800000000" Dst="-1" />
<file name="flyer.jpg" server="ftp.dradilmaolimpio.com.br/public_html/" local="132119041016918883" remote="132134968800000000" Dst="-1" />
<file name="flyer.png" server="ftp.dradilmaolimpio.com.br/public_html/" local="132119041309403761" remote="132134968800000000" Dst="-1" />
<file name="localizacao_1.jpg" server="ftp.dradilmaolimpio.com.br/public_html/" local="132118346863145158" remote="132134969400000000" Dst="-1" />
<file name="localizacao_2.jpg" server="ftp.dradilmaolimpio.com.br/public_html/" local="132118482285046619" remote="132134969400000000" Dst="-1" />
<file name="panfleto.jpg" server="ftp.dradilmaolimpio.com.br/public_html/" local="132119041016359067" remote="132134969400000000" Dst="-1" />
<file name="fd_background.png" server="C:/wamp64/www/Dra Dilma Olimpio/" local="132100014262684528" remote="132100014260000000" Dst="1" />
<file name="img_topo.png" server="C:/wamp64/www/Dra Dilma Olimpio/" local="132136353079192488" remote="132136353070000000" Dst="1" />
<file name="fd_conteudo.png" server="C:/wamp64/www/Dra Dilma Olimpio/" local="132118169020252863" remote="132118169020000000" Dst="1" />
<file name="flyer.jpg" server="C:/wamp64/www/Dra Dilma Olimpio/" local="132119041016918883" remote="132119041010000000" Dst="1" />
<file name="consultorio_03.jpg" server="C:/wamp64/www/Dra Dilma Olimpio/" local="132116573828961677" remote="132116573820000000" Dst="1" />
<file name="consultorio_01.jpg" server="C:/wamp64/www/Dra Dilma Olimpio/" local="132116572348426596" remote="132116572340000000" Dst="1" />
<file name="abertura_03.jpg" server="C:/wamp64/www/Dra Dilma Olimpio/" local="132118513616471094" remote="132118513610000000" Dst="1" />
<file name="consultorio_07.jpg" server="C:/wamp64/www/Dra Dilma Olimpio/" local="132116575997435339" remote="132116575990000000" Dst="1" />
<file name="abertura_04.jpg" server="C:/wamp64/www/Dra Dilma Olimpio/" local="132118513698270142" remote="132118513690000000" Dst="1" />
<file name="abertura_05.jpg" server="C:/wamp64/www/Dra Dilma Olimpio/" local="132118514134995171" remote="132118514130000000" Dst="1" />
<file name="consultorio_05.jpg" server="C:/wamp64/www/Dra Dilma Olimpio/" local="132116575384026971" remote="132116575380000000" Dst="1" />
<file name="abertura_06.jpg" server="C:/wamp64/www/Dra Dilma Olimpio/" local="132118514351728684" remote="132118514350000000" Dst="1" />
<file name="abertura_07.jpg" server="C:/wamp64/www/Dra Dilma Olimpio/" local="132118514865575457" remote="132118514860000000" Dst="1" />
<file name="abertura_01.jpg" server="C:/wamp/www/Dona Dilma/" local="132118511546815950" remote="132118511540000000" Dst="0" />
<file name="abertura_02.jpg" server="C:/wamp/www/Dona Dilma/" local="132118513132708415" remote="132118513130000000" Dst="0" />
<file name="abertura_03.jpg" server="C:/wamp/www/Dona Dilma/" local="132118513616471094" remote="132118513610000000" Dst="0" />
<file name="abertura_04.jpg" server="C:/wamp/www/Dona Dilma/" local="132118513698270142" remote="132118513690000000" Dst="0" />
<file name="abertura_05.jpg" server="C:/wamp/www/Dona Dilma/" local="132118514134995171" remote="132118514130000000" Dst="0" />
<file name="abertura_06.jpg" server="C:/wamp/www/Dona Dilma/" local="132118514351728684" remote="132118514350000000" Dst="0" />
<file name="abertura_07.jpg" server="C:/wamp/www/Dona Dilma/" local="132118514865575457" remote="132118514860000000" Dst="0" />
<file name="carro.jpg" server="C:/wamp/www/Dona Dilma/" local="132108072590000000" remote="132108072590000000" Dst="0" />
<file name="computador.jpg" server="C:/wamp/www/Dona Dilma/" local="132217665825654366" remote="132217665820000000" Dst="0" />
<file name="consultorio_01.jpg" server="C:/wamp/www/Dona Dilma/" local="132116572348426596" remote="132116572340000000" Dst="0" />
<file name="consultorio_02.jpg" server="C:/wamp/www/Dona Dilma/" local="132116573039831113" remote="132116573030000000" Dst="0" />
<file name="consultorio_03.jpg" server="C:/wamp/www/Dona Dilma/" local="132116573828961677" remote="132116573820000000" Dst="0" />
<file name="consultorio_04.jpg" server="C:/wamp/www/Dona Dilma/" local="132116574302395810" remote="132116574300000000" Dst="0" />
<file name="consultorio_05.jpg" server="C:/wamp/www/Dona Dilma/" local="132116575384026971" remote="132116575380000000" Dst="0" />
<file name="consultorio_06.jpg" server="C:/wamp/www/Dona Dilma/" local="132116575901776783" remote="132116575900000000" Dst="0" />
<file name="consultorio_07.jpg" server="C:/wamp/www/Dona Dilma/" local="132116575997435339" remote="132116575990000000" Dst="0" />
<file name="Decalracao.jpg" server="C:/wamp/www/Dona Dilma/" local="132108680160000000" remote="132108680160000000" Dst="0" />
<file name="Dona_Dilma_Fonte.png" server="C:/wamp/www/Dona Dilma/" local="132101761860000000" remote="132101761860000000" Dst="0" />
<file name="fd_background.png" server="C:/wamp/www/Dona Dilma/" local="132100014262684528" remote="132100014260000000" Dst="0" />
<file name="fd_conteudo.png" server="C:/wamp/www/Dona Dilma/" local="132118169020252863" remote="132118169020000000" Dst="0" />
<file name="fd_conteudo_dente.jpg" server="C:/wamp/www/Dona Dilma/" local="132118162838594538" remote="132118162830000000" Dst="0" />
<file name="fd_conteudo_escova.jpg" server="C:/wamp/www/Dona Dilma/" local="132118149029335894" remote="132118149020000000" Dst="0" />
<file name="fd_creme_dental.png" server="C:/wamp/www/Dona Dilma/" local="132118168541416264" remote="132118168540000000" Dst="0" />
<file name="fd_dente.png" server="C:/wamp/www/Dona Dilma/" local="132100014250000000" remote="132100014250000000" Dst="0" />
<file name="fd_escovacao.jpg" server="C:/wamp/www/Dona Dilma/" local="132118169020724321" remote="132118169020000000" Dst="0" />
<file name="fd_kit_higiene.png" server="C:/wamp/www/Dona Dilma/" local="132118162842693840" remote="132118162840000000" Dst="0" />
<file name="fd_topo.png" server="C:/wamp/www/Dona Dilma/" local="132106927740000000" remote="132106927740000000" Dst="0" />
<file name="flyer.jpg" server="C:/wamp/www/Dona Dilma/" local="132119041016918883" remote="132119041010000000" Dst="0" />
<file name="flyer.png" server="C:/wamp/www/Dona Dilma/" local="132119041309403761" remote="132119041300000000" Dst="0" />
<file name="foto1.jpeg" server="C:/wamp/www/Dona Dilma/" local="132118508966182165" remote="132118508960000000" Dst="0" />
<file name="foto10.jpeg" server="C:/wamp/www/Dona Dilma/" local="132116569854208200" remote="132116569850000000" Dst="0" />
<file name="foto11.jpeg" server="C:/wamp/www/Dona Dilma/" local="132118508358160783" remote="132118508350000000" Dst="0" />
<file name="foto12.jpeg" server="C:/wamp/www/Dona Dilma/" local="132116569856618212" remote="132116569850000000" Dst="0" />
<file name="foto13.jpeg" server="C:/wamp/www/Dona Dilma/" local="132116569857697850" remote="132116569850000000" Dst="0" />
<file name="foto14.jpeg" server="C:/wamp/www/Dona Dilma/" local="132116569858777502" remote="132116569850000000" Dst="0" />
<file name="foto15.jpeg" server="C:/wamp/www/Dona Dilma/" local="132116569859837156" remote="132116569850000000" Dst="0" />
<file name="foto16.jpeg" server="C:/wamp/www/Dona Dilma/" local="132116569860906803" remote="132116569860000000" Dst="0" />
<file name="foto17.jpeg" server="C:/wamp/www/Dona Dilma/" local="132116569862116389" remote="132116569860000000" Dst="0" />
<file name="foto18.jpeg" server="C:/wamp/www/Dona Dilma/" local="132116569863556779" remote="132116569860000000" Dst="0" />
<file name="foto2.jpeg" server="C:/wamp/www/Dona Dilma/" local="132116569864676788" remote="132116569860000000" Dst="0" />
<file name="foto3.jpeg" server="C:/wamp/www/Dona Dilma/" local="132118507846617244" remote="132118507840000000" Dst="0" />
<file name="foto4.jpeg" server="C:/wamp/www/Dona Dilma/" local="132118506990893121" remote="132118506990000000" Dst="0" />
<file name="foto5.jpeg" server="C:/wamp/www/Dona Dilma/" local="132116569867975696" remote="132116569860000000" Dst="0" />
<file name="foto6.jpeg" server="C:/wamp/www/Dona Dilma/" local="132118506550831914" remote="132118506550000000" Dst="0" />
<file name="foto7.jpeg" server="C:/wamp/www/Dona Dilma/" local="132116569870075366" remote="132116569870000000" Dst="0" />
<file name="foto8.jpeg" server="C:/wamp/www/Dona Dilma/" local="132118506621541832" remote="132118506620000000" Dst="0" />
<file name="foto9.jpeg" server="C:/wamp/www/Dona Dilma/" local="132116569872024727" remote="132116569870000000" Dst="0" />
<file name="ft_01.png" server="C:/wamp/www/Dona Dilma/" local="132116570557616679" remote="132116570550000000" Dst="0" />
<file name="fundo.png" server="C:/wamp/www/Dona Dilma/" local="132113977140000000" remote="132113977140000000" Dst="0" />
<file name="img_topo.fwwordpress.fw.png" server="C:/wamp/www/Dona Dilma/" local="132217552602311162" remote="132217552600000000" Dst="0" />
<file name="img_topo.png" server="C:/wamp/www/Dona Dilma/" local="132136353079192488" remote="132136353070000000" Dst="0" />
<file name="lk_ortodontia.png" server="C:/wamp/www/Dona Dilma/" local="132114703750000000" remote="132114703750000000" Dst="0" />
<file name="lk_ortopedia_facial.png" server="C:/wamp/www/Dona Dilma/" local="132114704220000000" remote="132114704220000000" Dst="0" />
<file name="localizacao_1.jpg" server="C:/wamp/www/Dona Dilma/" local="132118346863145158" remote="132118346860000000" Dst="0" />
<file name="localizacao_2.jpg" server="C:/wamp/www/Dona Dilma/" local="132118482285046619" remote="132118482280000000" Dst="0" />
<file name="midia_celular.fw.png" server="C:/wamp/www/Dona Dilma/" local="132217679369359692" remote="132217679360000000" Dst="0" />
<file name="midia_computador.fw.png" server="C:/wamp/www/Dona Dilma/" local="132217679373723335" remote="132217679370000000" Dst="0" />
<file name="notebook.jpg" server="C:/wamp/www/Dona Dilma/" local="132217664960688772" remote="132217664960000000" Dst="0" />
<file name="pagina_em_construcao.jpg" server="C:/wamp/www/Dona Dilma/" local="132115936260000000" remote="132115936260000000" Dst="0" />
<file name="pagina_em_construcao.png" server="C:/wamp/www/Dona Dilma/" local="132114718100000000" remote="132114718100000000" Dst="0" />
<file name="panfleto.jpg" server="C:/wamp/www/Dona Dilma/" local="132119041016359067" remote="132119041010000000" Dst="0" />
<file name="Sem título-1.png" server="C:/wamp/www/Dona Dilma/" local="132100014260000000" remote="132100014260000000" Dst="0" />
<file name="Sem título-2.png" server="C:/wamp/www/Dona Dilma/" local="132100014260000000" remote="132100014260000000" Dst="0" />
<file name="simbolo-da-odontologia-1_xl.png" server="C:/wamp/www/Dona Dilma/" local="132113972080000000" remote="132113972080000000" Dst="0" />
</dwsync>