<?xml version="1.0" encoding="utf-8" ?>
<dwsync>
<file name="scripts.js" server="C:/wamp64/www/Dona_Dilma/" local="132136598668977162" remote="132136598660000000" Dst="-1" />
<file name="jquery-3.2.1.js" server="C:/wamp64/www/Dona_Dilma/" local="132022321200000000" remote="132022321200000000" Dst="-1" />
<file name="jquery.cycle.all.js" server="C:/wamp64/www/Dona_Dilma/" local="132022321200000000" remote="132022321200000000" Dst="-1" />
<file name="jquery.cycle2.js" server="C:/wamp64/www/Dona_Dilma/" local="132022321200000000" remote="132022321200000000" Dst="-1" />
<file name="jquery.cycle.lite.js" server="C:/wamp64/www/Dona_Dilma/" local="132022321200000000" remote="132022321200000000" Dst="-1" />
<file name="jquery-3.2.1.js" server="ftp.dradilmaolimpio.com.br/public_html/" local="132022321200000000" remote="132134969400000000" Dst="-1" />
<file name="jquery.cycle.all.js" server="ftp.dradilmaolimpio.com.br/public_html/" local="132022321200000000" remote="132134969400000000" Dst="-1" />
<file name="jquery.cycle.lite.js" server="ftp.dradilmaolimpio.com.br/public_html/" local="132022321200000000" remote="132134969400000000" Dst="-1" />
<file name="jquery.cycle2.js" server="ftp.dradilmaolimpio.com.br/public_html/" local="132022321200000000" remote="132134969400000000" Dst="-1" />
<file name="scripts.js" server="ftp.dradilmaolimpio.com.br/public_html/" local="132099552050000000" remote="132134969400000000" Dst="-1" />
<file name="scripts.js" server="C:/wamp64/www/Dra Dilma Olimpio/" local="132136598668977162" remote="132136598660000000" Dst="1" />
<file name="jquery-3.2.1.js" server="C:/wamp64/www/Dra Dilma Olimpio/" local="132022321200000000" remote="132022321200000000" Dst="1" />
<file name="jquery.cycle.all.js" server="C:/wamp64/www/Dra Dilma Olimpio/" local="132022321200000000" remote="132022321200000000" Dst="1" />
<file name="jquery.cycle2.js" server="C:/wamp64/www/Dra Dilma Olimpio/" local="132022321200000000" remote="132022321200000000" Dst="1" />
<file name="jquery.cycle.lite.js" server="C:/wamp64/www/Dra Dilma Olimpio/" local="132022321200000000" remote="132022321200000000" Dst="1" />
<file name="jquery-3.2.1.js" server="C:/wamp/www/Dona Dilma/" local="132022321200000000" remote="132022321200000000" Dst="0" />
<file name="jquery.cycle.all.js" server="C:/wamp/www/Dona Dilma/" local="132022321200000000" remote="132022321200000000" Dst="0" />
<file name="jquery.cycle.lite.js" server="C:/wamp/www/Dona Dilma/" local="132022321200000000" remote="132022321200000000" Dst="0" />
<file name="jquery.cycle2.js" server="C:/wamp/www/Dona Dilma/" local="132022321200000000" remote="132022321200000000" Dst="0" />
<file name="scripts.js" server="C:/wamp/www/Dona Dilma/" local="132136598668977162" remote="132136598660000000" Dst="0" />
</dwsync>