<?xml version="1.0" encoding="utf-8" ?>
<dwsync>
<file name="PHPMailerAutoload.php" server="C:/wamp64/www/Dona_Dilma/" local="132133729226506951" remote="132133729220000000" Dst="-1" />
<file name="class.smtp.php" server="C:/wamp64/www/Dona_Dilma/" local="132133729229061797" remote="132133729220000000" Dst="-1" />
<file name="class.phpmailer.php" server="C:/wamp64/www/Dona_Dilma/" local="132133729227500698" remote="132133729220000000" Dst="-1" />
<file name=".gitignore" server="ftp.dradilmaolimpio.com.br/public_html/" local="132133729225543379" remote="132134969400000000" Dst="-1" />
<file name=".scrutinizer.yml" server="ftp.dradilmaolimpio.com.br/public_html/" local="132133729225785664" remote="132134969400000000" Dst="-1" />
<file name=".travis.yml" server="ftp.dradilmaolimpio.com.br/public_html/" local="132133729226027112" remote="132134969400000000" Dst="-1" />
<file name="changelog.md" server="ftp.dradilmaolimpio.com.br/public_html/" local="132133729227186724" remote="132134969400000000" Dst="-1" />
<file name="class.phpmailer.php" server="ftp.dradilmaolimpio.com.br/public_html/" local="132133729227500698" remote="132134969400000000" Dst="-1" />
<file name="class.phpmaileroauth.php" server="ftp.dradilmaolimpio.com.br/public_html/" local="132133729227800601" remote="132134969400000000" Dst="-1" />
<file name="class.phpmaileroauthgoogle.php" server="ftp.dradilmaolimpio.com.br/public_html/" local="132133729228060502" remote="132134969400000000" Dst="-1" />
<file name="class.pop3.php" server="ftp.dradilmaolimpio.com.br/public_html/" local="132133729228320415" remote="132134969400000000" Dst="-1" />
<file name="class.smtp.php" server="ftp.dradilmaolimpio.com.br/public_html/" local="132133729229061797" remote="132134969400000000" Dst="-1" />
<file name="composer.json" server="ftp.dradilmaolimpio.com.br/public_html/" local="132133729229801937" remote="132134969400000000" Dst="-1" />
<file name="composer.lock" server="ftp.dradilmaolimpio.com.br/public_html/" local="132133729230081849" remote="132134969400000000" Dst="-1" />
<file name="get_oauth_token.php" server="ftp.dradilmaolimpio.com.br/public_html/" local="132133729230421738" remote="132134970000000000" Dst="-1" />
<file name="LICENSE" server="ftp.dradilmaolimpio.com.br/public_html/" local="132133729226247037" remote="132134970600000000" Dst="-1" />
<file name="PHPMailerAutoload.php" server="ftp.dradilmaolimpio.com.br/public_html/" local="132133729226506951" remote="132134970600000000" Dst="-1" />
<file name="README.md" server="ftp.dradilmaolimpio.com.br/public_html/" local="132133729226726875" remote="132134970600000000" Dst="-1" />
<file name="travis.phpunit.xml.dist" server="ftp.dradilmaolimpio.com.br/public_html/" local="132133729230621668" remote="132134970600000000" Dst="-1" />
<file name="VERSION" server="ftp.dradilmaolimpio.com.br/public_html/" local="132133729226946808" remote="132134970600000000" Dst="-1" />
<file name=".gitignore" server="C:/wamp64/www/Dona_Dilma/" local="132133729225543379" remote="132133729220000000" Dst="-1" />
<file name=".scrutinizer.yml" server="C:/wamp64/www/Dona_Dilma/" local="132133729225785664" remote="132133729220000000" Dst="-1" />
<file name=".travis.yml" server="C:/wamp64/www/Dona_Dilma/" local="132133729226027112" remote="132133729220000000" Dst="-1" />
<file name="changelog.md" server="C:/wamp64/www/Dona_Dilma/" local="132133729227186724" remote="132133729220000000" Dst="-1" />
<file name="class.phpmaileroauth.php" server="C:/wamp64/www/Dona_Dilma/" local="132133729227800601" remote="132133729220000000" Dst="-1" />
<file name="class.phpmaileroauthgoogle.php" server="C:/wamp64/www/Dona_Dilma/" local="132133729228060502" remote="132133729220000000" Dst="-1" />
<file name="class.pop3.php" server="C:/wamp64/www/Dona_Dilma/" local="132133729228320415" remote="132133729220000000" Dst="-1" />
<file name="composer.json" server="C:/wamp64/www/Dona_Dilma/" local="132133729229801937" remote="132133729220000000" Dst="-1" />
<file name="composer.lock" server="C:/wamp64/www/Dona_Dilma/" local="132133729230081849" remote="132133729230000000" Dst="-1" />
<file name="get_oauth_token.php" server="C:/wamp64/www/Dona_Dilma/" local="132133729230421738" remote="132133729230000000" Dst="-1" />
<file name="LICENSE" server="C:/wamp64/www/Dona_Dilma/" local="132133729226247037" remote="132133729220000000" Dst="-1" />
<file name="README.md" server="C:/wamp64/www/Dona_Dilma/" local="132133729226726875" remote="132133729220000000" Dst="-1" />
<file name="travis.phpunit.xml.dist" server="C:/wamp64/www/Dona_Dilma/" local="132133729230621668" remote="132133729230000000" Dst="-1" />
<file name="VERSION" server="C:/wamp64/www/Dona_Dilma/" local="132133729226946808" remote="132133729220000000" Dst="-1" />
<file name=".gitignore" server="C:/wamp/www/Dona Dilma/" local="132133729225543379" remote="132133729220000000" Dst="0" />
<file name=".scrutinizer.yml" server="C:/wamp/www/Dona Dilma/" local="132133729225785664" remote="132133729220000000" Dst="0" />
<file name=".travis.yml" server="C:/wamp/www/Dona Dilma/" local="132133729226027112" remote="132133729220000000" Dst="0" />
<file name="changelog.md" server="C:/wamp/www/Dona Dilma/" local="132133729227186724" remote="132133729220000000" Dst="0" />
<file name="class.phpmailer.php" server="C:/wamp/www/Dona Dilma/" local="132133729227500698" remote="132133729220000000" Dst="0" />
<file name="class.phpmaileroauth.php" server="C:/wamp/www/Dona Dilma/" local="132133729227800601" remote="132133729220000000" Dst="0" />
<file name="class.phpmaileroauthgoogle.php" server="C:/wamp/www/Dona Dilma/" local="132133729228060502" remote="132133729220000000" Dst="0" />
<file name="class.pop3.php" server="C:/wamp/www/Dona Dilma/" local="132133729228320415" remote="132133729220000000" Dst="0" />
<file name="class.smtp.php" server="C:/wamp/www/Dona Dilma/" local="132133729229061797" remote="132133729220000000" Dst="0" />
<file name="composer.json" server="C:/wamp/www/Dona Dilma/" local="132133729229801937" remote="132133729220000000" Dst="0" />
<file name="composer.lock" server="C:/wamp/www/Dona Dilma/" local="132133729230081849" remote="132133729230000000" Dst="0" />
<file name="get_oauth_token.php" server="C:/wamp/www/Dona Dilma/" local="132133729230421738" remote="132133729230000000" Dst="0" />
<file name="LICENSE" server="C:/wamp/www/Dona Dilma/" local="132133729226247037" remote="132133729220000000" Dst="0" />
<file name="PHPMailerAutoload.php" server="C:/wamp/www/Dona Dilma/" local="132133729226506951" remote="132133729220000000" Dst="0" />
<file name="README.md" server="C:/wamp/www/Dona Dilma/" local="132133729226726875" remote="132133729220000000" Dst="0" />
<file name="travis.phpunit.xml.dist" server="C:/wamp/www/Dona Dilma/" local="132133729230621668" remote="132133729230000000" Dst="0" />
<file name="VERSION" server="C:/wamp/www/Dona Dilma/" local="132133729226946808" remote="132133729220000000" Dst="0" />
</dwsync>