<?xml version="1.0" encoding="utf-8" ?>
<dwsync>
<file name=".gitignore" server="C:/wamp/www/Dona Dilma/" local="132090621960000000" remote="132090621960000000" Dst="0" />
<file name=".jshintrc" server="C:/wamp/www/Dona Dilma/" local="132090621960000000" remote="132090621960000000" Dst="0" />
<file name=".ruby-version" server="C:/wamp/www/Dona Dilma/" local="132090621960000000" remote="132090621960000000" Dst="0" />
<file name=".travis.yml" server="C:/wamp/www/Dona Dilma/" local="132090621960000000" remote="132090621960000000" Dst="0" />
<file name="bower.json" server="C:/wamp/www/Dona Dilma/" local="132090621960000000" remote="132090621960000000" Dst="0" />
<file name="CHANGELOG.md" server="C:/wamp/www/Dona Dilma/" local="132090621960000000" remote="132090621960000000" Dst="0" />
<file name="component.json" server="C:/wamp/www/Dona Dilma/" local="132090621960000000" remote="132090621960000000" Dst="0" />
<file name="composer.json" server="C:/wamp/www/Dona Dilma/" local="132090621960000000" remote="132090621960000000" Dst="0" />
<file name="CONTRIBUTING.md" server="C:/wamp/www/Dona Dilma/" local="132090621960000000" remote="132090621960000000" Dst="0" />
<file name="deploy.rb" server="C:/wamp/www/Dona Dilma/" local="132090621960000000" remote="132090621960000000" Dst="0" />
<file name="docker-compose.yml" server="C:/wamp/www/Dona Dilma/" local="132090621960000000" remote="132090621960000000" Dst="0" />
<file name="Dockerfile" server="C:/wamp/www/Dona Dilma/" local="132090621960000000" remote="132090621960000000" Dst="0" />
<file name="Gruntfile.js" server="C:/wamp/www/Dona Dilma/" local="132090621960000000" remote="132090621960000000" Dst="0" />
<file name="ISSUE_TEMPLATE.md" server="C:/wamp/www/Dona Dilma/" local="132090621960000000" remote="132090621960000000" Dst="0" />
<file name="LICENSE" server="C:/wamp/www/Dona Dilma/" local="132090621960000000" remote="132090621960000000" Dst="0" />
<file name="package-lock.json" server="C:/wamp/www/Dona Dilma/" local="132090621960000000" remote="132090621960000000" Dst="0" />
<file name="package.js" server="C:/wamp/www/Dona Dilma/" local="132090621960000000" remote="132090621960000000" Dst="0" />
<file name="package.json" server="C:/wamp/www/Dona Dilma/" local="132090621960000000" remote="132090621960000000" Dst="0" />
<file name="README.md" server="C:/wamp/www/Dona Dilma/" local="132090621960000000" remote="132090621960000000" Dst="0" />
</dwsync>