<?xml version="1.0" encoding="utf-8" ?>
<dwsync>
<file name="shAutoloader.js" server="C:/wamp64/www/Dona_Dilma/" local="132133729238599494" remote="132133729230000000" Dst="-1" />
<file name="shBrushPhp.js" server="C:/wamp64/www/Dona_Dilma/" local="132133729238839419" remote="132133729230000000" Dst="-1" />
<file name="shCore.js" server="C:/wamp64/www/Dona_Dilma/" local="132133729239099343" remote="132133729230000000" Dst="-1" />
<file name="shLegacy.js" server="C:/wamp64/www/Dona_Dilma/" local="132133729239359247" remote="132133729230000000" Dst="-1" />
<file name="XRegExp.js" server="C:/wamp64/www/Dona_Dilma/" local="132133729238339136" remote="132133729230000000" Dst="-1" />
<file name="shAutoloader.js" server="ftp.dradilmaolimpio.com.br/public_html/" local="132133729238599494" remote="132134969400000000" Dst="-1" />
<file name="shBrushPhp.js" server="ftp.dradilmaolimpio.com.br/public_html/" local="132133729238839419" remote="132134969400000000" Dst="-1" />
<file name="shCore.js" server="ftp.dradilmaolimpio.com.br/public_html/" local="132133729239099343" remote="132134970000000000" Dst="-1" />
<file name="shLegacy.js" server="ftp.dradilmaolimpio.com.br/public_html/" local="132133729239359247" remote="132134970000000000" Dst="-1" />
<file name="XRegExp.js" server="ftp.dradilmaolimpio.com.br/public_html/" local="132133729238339136" remote="132134970000000000" Dst="-1" />
<file name="shAutoloader.js" server="C:/wamp/www/Dona Dilma/" local="132133729238599494" remote="132133729230000000" Dst="0" />
<file name="shBrushPhp.js" server="C:/wamp/www/Dona Dilma/" local="132133729238839419" remote="132133729230000000" Dst="0" />
<file name="shCore.js" server="C:/wamp/www/Dona Dilma/" local="132133729239099343" remote="132133729230000000" Dst="0" />
<file name="shLegacy.js" server="C:/wamp/www/Dona Dilma/" local="132133729239359247" remote="132133729230000000" Dst="0" />
<file name="XRegExp.js" server="C:/wamp/www/Dona Dilma/" local="132133729238339136" remote="132133729230000000" Dst="0" />
</dwsync>