<?xml version="1.0" encoding="utf-8" ?>
<dwsync>
<file name="Callback_function_notes.txt" server="C:/wamp64/www/Dona_Dilma/" local="132133729230941573" remote="132133729230000000" Dst="-1" />
<file name="DomainKeys_notes.txt" server="C:/wamp64/www/Dona_Dilma/" local="132133729231201491" remote="132133729230000000" Dst="-1" />
<file name="extending.html" server="C:/wamp64/www/Dona_Dilma/" local="132133729231701332" remote="132133729230000000" Dst="-1" />
<file name="faq.html" server="C:/wamp64/www/Dona_Dilma/" local="132133729231981230" remote="132133729230000000" Dst="-1" />
<file name="generatedocs.sh" server="C:/wamp64/www/Dona_Dilma/" local="132133729232381089" remote="132133729230000000" Dst="-1" />
<file name="Note_for_SMTP_debugging.txt" server="C:/wamp64/www/Dona_Dilma/" local="132133729231441406" remote="132133729230000000" Dst="-1" />
<file name="pop3_article.txt" server="C:/wamp64/www/Dona_Dilma/" local="132133729232641020" remote="132133729230000000" Dst="-1" />
<file name="Callback_function_notes.txt" server="ftp.dradilmaolimpio.com.br/public_html/" local="132133729230941573" remote="132134969400000000" Dst="-1" />
<file name="DomainKeys_notes.txt" server="ftp.dradilmaolimpio.com.br/public_html/" local="132133729231201491" remote="132134969400000000" Dst="-1" />
<file name="extending.html" server="ftp.dradilmaolimpio.com.br/public_html/" local="132133729231701332" remote="132134969400000000" Dst="-1" />
<file name="faq.html" server="ftp.dradilmaolimpio.com.br/public_html/" local="132133729231981230" remote="132134969400000000" Dst="-1" />
<file name="generatedocs.sh" server="ftp.dradilmaolimpio.com.br/public_html/" local="132133729232381089" remote="132134969400000000" Dst="-1" />
<file name="Note_for_SMTP_debugging.txt" server="ftp.dradilmaolimpio.com.br/public_html/" local="132133729231441406" remote="132134969400000000" Dst="-1" />
<file name="pop3_article.txt" server="ftp.dradilmaolimpio.com.br/public_html/" local="132133729232641020" remote="132134969400000000" Dst="-1" />
<file name="Callback_function_notes.txt" server="C:/wamp/www/Dona Dilma/" local="132133729230941573" remote="132133729230000000" Dst="0" />
<file name="DomainKeys_notes.txt" server="C:/wamp/www/Dona Dilma/" local="132133729231201491" remote="132133729230000000" Dst="0" />
<file name="extending.html" server="C:/wamp/www/Dona Dilma/" local="132133729231701332" remote="132133729230000000" Dst="0" />
<file name="faq.html" server="C:/wamp/www/Dona Dilma/" local="132133729231981230" remote="132133729230000000" Dst="0" />
<file name="generatedocs.sh" server="C:/wamp/www/Dona Dilma/" local="132133729232381089" remote="132133729230000000" Dst="0" />
<file name="Note_for_SMTP_debugging.txt" server="C:/wamp/www/Dona Dilma/" local="132133729231441406" remote="132133729230000000" Dst="0" />
<file name="pop3_article.txt" server="C:/wamp/www/Dona Dilma/" local="132133729232641020" remote="132133729230000000" Dst="0" />
</dwsync>