<?xml version="1.0" encoding="utf-8" ?>
<dwsync>
<file name="code_generator.phps" server="C:/wamp64/www/Dona_Dilma/" local="132133729233180838" remote="132133729230000000" Dst="-1" />
<file name="contents.html" server="C:/wamp64/www/Dona_Dilma/" local="132133729233500759" remote="132133729230000000" Dst="-1" />
<file name="contentsutf8.html" server="C:/wamp64/www/Dona_Dilma/" local="132133729233900599" remote="132133729230000000" Dst="-1" />
<file name="DKIM.phps" server="C:/wamp64/www/Dona_Dilma/" local="132133729232880938" remote="132133729230000000" Dst="-1" />
<file name="exceptions.phps" server="C:/wamp64/www/Dona_Dilma/" local="132133729234240536" remote="132133729230000000" Dst="-1" />
<file name="gmail.phps" server="C:/wamp64/www/Dona_Dilma/" local="132133729234580380" remote="132133729230000000" Dst="-1" />
<file name="gmail_xoauth.phps" server="C:/wamp64/www/Dona_Dilma/" local="132133729234900271" remote="132133729230000000" Dst="-1" />
<file name="index.html" server="C:/wamp64/www/Dona_Dilma/" local="132133729235280151" remote="132133729230000000" Dst="-1" />
<file name="mail.phps" server="C:/wamp64/www/Dona_Dilma/" local="132133729235520067" remote="132133729230000000" Dst="-1" />
<file name="mailing_list.phps" server="C:/wamp64/www/Dona_Dilma/" local="132133729235700003" remote="132133729230000000" Dst="-1" />
<file name="pop_before_smtp.phps" server="C:/wamp64/www/Dona_Dilma/" local="132133729235919939" remote="132133729230000000" Dst="-1" />
<file name="sendmail.phps" server="C:/wamp64/www/Dona_Dilma/" local="132133729236519746" remote="132133729230000000" Dst="-1" />
<file name="send_file_upload.phps" server="C:/wamp64/www/Dona_Dilma/" local="132133729236119871" remote="132133729230000000" Dst="-1" />
<file name="send_multiple_file_upload.phps" server="C:/wamp64/www/Dona_Dilma/" local="132133729236319817" remote="132133729230000000" Dst="-1" />
<file name="signed-mail.phps" server="C:/wamp64/www/Dona_Dilma/" local="132133729236759660" remote="132133729230000000" Dst="-1" />
<file name="smtp.phps" server="C:/wamp64/www/Dona_Dilma/" local="132133729236979583" remote="132133729230000000" Dst="-1" />
<file name="smtp_check.phps" server="C:/wamp64/www/Dona_Dilma/" local="132133729237199508" remote="132133729230000000" Dst="-1" />
<file name="smtp_no_auth.phps" server="C:/wamp64/www/Dona_Dilma/" local="132133729237419447" remote="132133729230000000" Dst="-1" />
<file name="ssl_options.phps" server="C:/wamp64/www/Dona_Dilma/" local="132133729237619371" remote="132133729230000000" Dst="-1" />
<file name="code_generator.phps" server="ftp.dradilmaolimpio.com.br/public_html/" local="132133729233180838" remote="132134969400000000" Dst="-1" />
<file name="contents.html" server="ftp.dradilmaolimpio.com.br/public_html/" local="132133729233500759" remote="132134969400000000" Dst="-1" />
<file name="contentsutf8.html" server="ftp.dradilmaolimpio.com.br/public_html/" local="132133729233900599" remote="132134969400000000" Dst="-1" />
<file name="DKIM.phps" server="ftp.dradilmaolimpio.com.br/public_html/" local="132133729232880938" remote="132134969400000000" Dst="-1" />
<file name="exceptions.phps" server="ftp.dradilmaolimpio.com.br/public_html/" local="132133729234240536" remote="132134969400000000" Dst="-1" />
<file name="gmail.phps" server="ftp.dradilmaolimpio.com.br/public_html/" local="132133729234580380" remote="132134969400000000" Dst="-1" />
<file name="gmail_xoauth.phps" server="ftp.dradilmaolimpio.com.br/public_html/" local="132133729234900271" remote="132134969400000000" Dst="-1" />
<file name="index.html" server="ftp.dradilmaolimpio.com.br/public_html/" local="132133729235280151" remote="132134969400000000" Dst="-1" />
<file name="mail.phps" server="ftp.dradilmaolimpio.com.br/public_html/" local="132133729235520067" remote="132134969400000000" Dst="-1" />
<file name="mailing_list.phps" server="ftp.dradilmaolimpio.com.br/public_html/" local="132133729235700003" remote="132134969400000000" Dst="-1" />
<file name="pop_before_smtp.phps" server="ftp.dradilmaolimpio.com.br/public_html/" local="132133729235919939" remote="132134969400000000" Dst="-1" />
<file name="sendmail.phps" server="ftp.dradilmaolimpio.com.br/public_html/" local="132133729236519746" remote="132134970000000000" Dst="-1" />
<file name="send_file_upload.phps" server="ftp.dradilmaolimpio.com.br/public_html/" local="132133729236119871" remote="132134970000000000" Dst="-1" />
<file name="send_multiple_file_upload.phps" server="ftp.dradilmaolimpio.com.br/public_html/" local="132133729236319817" remote="132134970000000000" Dst="-1" />
<file name="signed-mail.phps" server="ftp.dradilmaolimpio.com.br/public_html/" local="132133729236759660" remote="132134970000000000" Dst="-1" />
<file name="smtp.phps" server="ftp.dradilmaolimpio.com.br/public_html/" local="132133729236979583" remote="132134970000000000" Dst="-1" />
<file name="smtp_check.phps" server="ftp.dradilmaolimpio.com.br/public_html/" local="132133729237199508" remote="132134970000000000" Dst="-1" />
<file name="smtp_no_auth.phps" server="ftp.dradilmaolimpio.com.br/public_html/" local="132133729237419447" remote="132134970000000000" Dst="-1" />
<file name="ssl_options.phps" server="ftp.dradilmaolimpio.com.br/public_html/" local="132133729237619371" remote="132134970000000000" Dst="-1" />
<file name="code_generator.phps" server="C:/wamp/www/Dona Dilma/" local="132133729233180838" remote="132133729230000000" Dst="0" />
<file name="contents.html" server="C:/wamp/www/Dona Dilma/" local="132133729233500759" remote="132133729230000000" Dst="0" />
<file name="contentsutf8.html" server="C:/wamp/www/Dona Dilma/" local="132133729233900599" remote="132133729230000000" Dst="0" />
<file name="DKIM.phps" server="C:/wamp/www/Dona Dilma/" local="132133729232880938" remote="132133729230000000" Dst="0" />
<file name="exceptions.phps" server="C:/wamp/www/Dona Dilma/" local="132133729234240536" remote="132133729230000000" Dst="0" />
<file name="gmail.phps" server="C:/wamp/www/Dona Dilma/" local="132133729234580380" remote="132133729230000000" Dst="0" />
<file name="gmail_xoauth.phps" server="C:/wamp/www/Dona Dilma/" local="132133729234900271" remote="132133729230000000" Dst="0" />
<file name="index.html" server="C:/wamp/www/Dona Dilma/" local="132133729235280151" remote="132133729230000000" Dst="0" />
<file name="mail.phps" server="C:/wamp/www/Dona Dilma/" local="132133729235520067" remote="132133729230000000" Dst="0" />
<file name="mailing_list.phps" server="C:/wamp/www/Dona Dilma/" local="132133729235700003" remote="132133729230000000" Dst="0" />
<file name="pop_before_smtp.phps" server="C:/wamp/www/Dona Dilma/" local="132133729235919939" remote="132133729230000000" Dst="0" />
<file name="send_file_upload.phps" server="C:/wamp/www/Dona Dilma/" local="132133729236119871" remote="132133729230000000" Dst="0" />
<file name="send_multiple_file_upload.phps" server="C:/wamp/www/Dona Dilma/" local="132133729236319817" remote="132133729230000000" Dst="0" />
<file name="sendmail.phps" server="C:/wamp/www/Dona Dilma/" local="132133729236519746" remote="132133729230000000" Dst="0" />
<file name="signed-mail.phps" server="C:/wamp/www/Dona Dilma/" local="132133729236759660" remote="132133729230000000" Dst="0" />
<file name="smtp.phps" server="C:/wamp/www/Dona Dilma/" local="132133729236979583" remote="132133729230000000" Dst="0" />
<file name="smtp_check.phps" server="C:/wamp/www/Dona Dilma/" local="132133729237199508" remote="132133729230000000" Dst="0" />
<file name="smtp_no_auth.phps" server="C:/wamp/www/Dona Dilma/" local="132133729237419447" remote="132133729230000000" Dst="0" />
<file name="ssl_options.phps" server="C:/wamp/www/Dona Dilma/" local="132133729237619371" remote="132133729230000000" Dst="0" />
</dwsync>