<?xml version="1.0" encoding="utf-8" ?>
<dwsync>
<file name="shCore.css" server="C:/wamp64/www/Dona_Dilma/" local="132133729239639154" remote="132133729230000000" Dst="-1" />
<file name="shCoreDefault.css" server="C:/wamp64/www/Dona_Dilma/" local="132133729239919062" remote="132133729230000000" Dst="-1" />
<file name="shCoreDjango.css" server="C:/wamp64/www/Dona_Dilma/" local="132133729240178964" remote="132133729240000000" Dst="-1" />
<file name="shCoreEclipse.css" server="C:/wamp64/www/Dona_Dilma/" local="132133729240438893" remote="132133729240000000" Dst="-1" />
<file name="shCoreEmacs.css" server="C:/wamp64/www/Dona_Dilma/" local="132133729240698807" remote="132133729240000000" Dst="-1" />
<file name="shCoreFadeToGrey.css" server="C:/wamp64/www/Dona_Dilma/" local="132133729240978720" remote="132133729240000000" Dst="-1" />
<file name="shCoreMDUltra.css" server="C:/wamp64/www/Dona_Dilma/" local="132133729241238631" remote="132133729240000000" Dst="-1" />
<file name="shCoreMidnight.css" server="C:/wamp64/www/Dona_Dilma/" local="132133729241518542" remote="132133729240000000" Dst="-1" />
<file name="shCoreRDark.css" server="C:/wamp64/www/Dona_Dilma/" local="132133729241778456" remote="132133729240000000" Dst="-1" />
<file name="shThemeAppleScript.css" server="C:/wamp64/www/Dona_Dilma/" local="132133729241998381" remote="132133729240000000" Dst="-1" />
<file name="shThemeDefault.css" server="C:/wamp64/www/Dona_Dilma/" local="132133729242238305" remote="132133729240000000" Dst="-1" />
<file name="shThemeDjango.css" server="C:/wamp64/www/Dona_Dilma/" local="132133729242498249" remote="132133729240000000" Dst="-1" />
<file name="shThemeEclipse.css" server="C:/wamp64/www/Dona_Dilma/" local="132133729242738140" remote="132133729240000000" Dst="-1" />
<file name="shThemeEmacs.css" server="C:/wamp64/www/Dona_Dilma/" local="132133729242998054" remote="132133729240000000" Dst="-1" />
<file name="shThemeFadeToGrey.css" server="C:/wamp64/www/Dona_Dilma/" local="132133729243217972" remote="132133729240000000" Dst="-1" />
<file name="shThemeMDUltra.css" server="C:/wamp64/www/Dona_Dilma/" local="132133729243457899" remote="132133729240000000" Dst="-1" />
<file name="shThemeMidnight.css" server="C:/wamp64/www/Dona_Dilma/" local="132133729243717818" remote="132133729240000000" Dst="-1" />
<file name="shThemeRDark.css" server="C:/wamp64/www/Dona_Dilma/" local="132133729243977734" remote="132133729240000000" Dst="-1" />
<file name="shThemeVisualStudio.css" server="C:/wamp64/www/Dona_Dilma/" local="132133729244217654" remote="132133729240000000" Dst="-1" />
<file name="wrapping.png" server="C:/wamp64/www/Dona_Dilma/" local="132133729244417598" remote="132133729240000000" Dst="-1" />
<file name="shCore.css" server="ftp.dradilmaolimpio.com.br/public_html/" local="132133729239639154" remote="132134970000000000" Dst="-1" />
<file name="shCoreDefault.css" server="ftp.dradilmaolimpio.com.br/public_html/" local="132133729239919062" remote="132134970000000000" Dst="-1" />
<file name="shCoreDjango.css" server="ftp.dradilmaolimpio.com.br/public_html/" local="132133729240178964" remote="132134970000000000" Dst="-1" />
<file name="shCoreEclipse.css" server="ftp.dradilmaolimpio.com.br/public_html/" local="132133729240438893" remote="132134970000000000" Dst="-1" />
<file name="shCoreEmacs.css" server="ftp.dradilmaolimpio.com.br/public_html/" local="132133729240698807" remote="132134970000000000" Dst="-1" />
<file name="shCoreFadeToGrey.css" server="ftp.dradilmaolimpio.com.br/public_html/" local="132133729240978720" remote="132134970000000000" Dst="-1" />
<file name="shCoreMDUltra.css" server="ftp.dradilmaolimpio.com.br/public_html/" local="132133729241238631" remote="132134970000000000" Dst="-1" />
<file name="shCoreMidnight.css" server="ftp.dradilmaolimpio.com.br/public_html/" local="132133729241518542" remote="132134970000000000" Dst="-1" />
<file name="shCoreRDark.css" server="ftp.dradilmaolimpio.com.br/public_html/" local="132133729241778456" remote="132134970000000000" Dst="-1" />
<file name="shThemeAppleScript.css" server="ftp.dradilmaolimpio.com.br/public_html/" local="132133729241998381" remote="132134970000000000" Dst="-1" />
<file name="shThemeDefault.css" server="ftp.dradilmaolimpio.com.br/public_html/" local="132133729242238305" remote="132134970000000000" Dst="-1" />
<file name="shThemeDjango.css" server="ftp.dradilmaolimpio.com.br/public_html/" local="132133729242498249" remote="132134970000000000" Dst="-1" />
<file name="shThemeEclipse.css" server="ftp.dradilmaolimpio.com.br/public_html/" local="132133729242738140" remote="132134970000000000" Dst="-1" />
<file name="shThemeEmacs.css" server="ftp.dradilmaolimpio.com.br/public_html/" local="132133729242998054" remote="132134970000000000" Dst="-1" />
<file name="shThemeFadeToGrey.css" server="ftp.dradilmaolimpio.com.br/public_html/" local="132133729243217972" remote="132134970000000000" Dst="-1" />
<file name="shThemeMDUltra.css" server="ftp.dradilmaolimpio.com.br/public_html/" local="132133729243457899" remote="132134970000000000" Dst="-1" />
<file name="shThemeMidnight.css" server="ftp.dradilmaolimpio.com.br/public_html/" local="132133729243717818" remote="132134970000000000" Dst="-1" />
<file name="shThemeRDark.css" server="ftp.dradilmaolimpio.com.br/public_html/" local="132133729243977734" remote="132134970000000000" Dst="-1" />
<file name="shThemeVisualStudio.css" server="ftp.dradilmaolimpio.com.br/public_html/" local="132133729244217654" remote="132134970000000000" Dst="-1" />
<file name="wrapping.png" server="ftp.dradilmaolimpio.com.br/public_html/" local="132133729244417598" remote="132134970000000000" Dst="-1" />
<file name="shCore.css" server="C:/wamp/www/Dona Dilma/" local="132133729239639154" remote="132133729230000000" Dst="0" />
<file name="shCoreDefault.css" server="C:/wamp/www/Dona Dilma/" local="132133729239919062" remote="132133729230000000" Dst="0" />
<file name="shCoreDjango.css" server="C:/wamp/www/Dona Dilma/" local="132133729240178964" remote="132133729240000000" Dst="0" />
<file name="shCoreEclipse.css" server="C:/wamp/www/Dona Dilma/" local="132133729240438893" remote="132133729240000000" Dst="0" />
<file name="shCoreEmacs.css" server="C:/wamp/www/Dona Dilma/" local="132133729240698807" remote="132133729240000000" Dst="0" />
<file name="shCoreFadeToGrey.css" server="C:/wamp/www/Dona Dilma/" local="132133729240978720" remote="132133729240000000" Dst="0" />
<file name="shCoreMDUltra.css" server="C:/wamp/www/Dona Dilma/" local="132133729241238631" remote="132133729240000000" Dst="0" />
<file name="shCoreMidnight.css" server="C:/wamp/www/Dona Dilma/" local="132133729241518542" remote="132133729240000000" Dst="0" />
<file name="shCoreRDark.css" server="C:/wamp/www/Dona Dilma/" local="132133729241778456" remote="132133729240000000" Dst="0" />
<file name="shThemeAppleScript.css" server="C:/wamp/www/Dona Dilma/" local="132133729241998381" remote="132133729240000000" Dst="0" />
<file name="shThemeDefault.css" server="C:/wamp/www/Dona Dilma/" local="132133729242238305" remote="132133729240000000" Dst="0" />
<file name="shThemeDjango.css" server="C:/wamp/www/Dona Dilma/" local="132133729242498249" remote="132133729240000000" Dst="0" />
<file name="shThemeEclipse.css" server="C:/wamp/www/Dona Dilma/" local="132133729242738140" remote="132133729240000000" Dst="0" />
<file name="shThemeEmacs.css" server="C:/wamp/www/Dona Dilma/" local="132133729242998054" remote="132133729240000000" Dst="0" />
<file name="shThemeFadeToGrey.css" server="C:/wamp/www/Dona Dilma/" local="132133729243217972" remote="132133729240000000" Dst="0" />
<file name="shThemeMDUltra.css" server="C:/wamp/www/Dona Dilma/" local="132133729243457899" remote="132133729240000000" Dst="0" />
<file name="shThemeMidnight.css" server="C:/wamp/www/Dona Dilma/" local="132133729243717818" remote="132133729240000000" Dst="0" />
<file name="shThemeRDark.css" server="C:/wamp/www/Dona Dilma/" local="132133729243977734" remote="132133729240000000" Dst="0" />
<file name="shThemeVisualStudio.css" server="C:/wamp/www/Dona Dilma/" local="132133729244217654" remote="132133729240000000" Dst="0" />
<file name="wrapping.png" server="C:/wamp/www/Dona Dilma/" local="132133729244417598" remote="132133729240000000" Dst="0" />
</dwsync>